scene_id,object_id,task_target,reason,area_m2,faces
dev-contact-chair,contact-chair,True,tp,0.9137171565359373,2243
dev-contact-chair,contact-chair,True,fn_structure_exclusion,0.007350485140457992,45
dev-contact-chair,contact-chair,True,fn_target_box_overlap,0.18470870127131458,523
dev-contact-chair,contact-chair,True,fn_outside_target_box_other_object,0.0,0
dev-contact-chair,contact-chair,True,fn_outside_target_box_other_overlap,0.0,0
dev-contact-chair,contact-chair,True,fn_outside_target_box_environment,0.0,0
dev-contact-chair,contact-chair,True,fp_other_object,0.0,0
dev-contact-chair,contact-chair,True,fp_environment,0.0,0
dev-contact-chair,contact-chair,True,tn,56.95647766566958,96784
dev-contact-chair,contact-chair,True,unscorable_predicted_target,0.0,0
dev-contact-chair,contact-chair,True,unscorable_other,0.020285881851789193,236
dev-contact-chair,contact-table,False,tp,2.1895189760640483,4695
dev-contact-chair,contact-table,False,fn_structure_exclusion,0.008028318173216304,49
dev-contact-chair,contact-table,False,fn_target_box_overlap,0.3164655621205339,750
dev-contact-chair,contact-table,False,fn_outside_target_box_other_object,0.0,0
dev-contact-chair,contact-table,False,fn_outside_target_box_other_overlap,0.0,0
dev-contact-chair,contact-table,False,fn_outside_target_box_environment,0.0,0
dev-contact-chair,contact-table,False,fp_other_object,0.0,0
dev-contact-chair,contact-table,False,fp_environment,0.0012653417809391722,9
dev-contact-chair,contact-table,False,tn,55.546975810478614,94100
dev-contact-chair,contact-table,False,unscorable_predicted_target,0.0008210691600883106,9
dev-contact-chair,contact-table,False,unscorable_other,0.019464812691700886,227
dev-contact-chair,contact-shelf,False,tp,3.4274726624073097,7659
dev-contact-chair,contact-shelf,False,fn_structure_exclusion,0.03830976918213561,238
dev-contact-chair,contact-shelf,False,fn_target_box_overlap,0.0,0
dev-contact-chair,contact-shelf,False,fn_outside_target_box_other_object,0.0,0
dev-contact-chair,contact-shelf,False,fn_outside_target_box_other_overlap,0.0,0
dev-contact-chair,contact-shelf,False,fn_outside_target_box_environment,0.13352720324736939,286
dev-contact-chair,contact-shelf,False,fp_other_object,0.0,0
dev-contact-chair,contact-shelf,False,fp_environment,0.0,0
dev-contact-chair,contact-shelf,False,tn,54.46294437378054,91481
dev-contact-chair,contact-shelf,False,unscorable_predicted_target,0.00012551899257169741,2
dev-contact-chair,contact-shelf,False,unscorable_other,0.020160362859217497,234
dev-same-color-dining,same-table,True,tp,1.634464969664646,3457
dev-same-color-dining,same-table,True,fn_structure_exclusion,0.004520877775346593,43
dev-same-color-dining,same-table,True,fn_target_box_overlap,0.8401723053577561,1988
dev-same-color-dining,same-table,True,fn_outside_target_box_other_object,0.0,0
dev-same-color-dining,same-table,True,fn_outside_target_box_other_overlap,0.0,0
dev-same-color-dining,same-table,True,fn_outside_target_box_environment,0.0,0
dev-same-color-dining,same-table,True,fp_other_object,0.0,0
dev-same-color-dining,same-table,True,fp_environment,0.000569488231122408,5
dev-same-color-dining,same-table,True,tn,54.32212810645984,91186
dev-same-color-dining,same-table,True,unscorable_predicted_target,0.0004480839833099884,6
dev-same-color-dining,same-table,True,unscorable_other,0.029703789685398132,319
dev-same-color-dining,same-chair-west,False,tp,0.7361437062421259,1797
dev-same-color-dining,same-chair-west,False,fn_structure_exclusion,0.005487418327488963,36
dev-same-color-dining,same-chair-west,False,fn_target_box_overlap,0.35216576188411075,898
dev-same-color-dining,same-chair-west,False,fn_outside_target_box_other_object,0.0,0
dev-same-color-dining,same-chair-west,False,fn_outside_target_box_other_overlap,0.0,0
dev-same-color-dining,same-chair-west,False,fn_outside_target_box_environment,0.0,0
dev-same-color-dining,same-chair-west,False,fp_other_object,0.0,0
dev-same-color-dining,same-chair-west,False,fp_environment,0.0007646007888793618,6
dev-same-color-dining,same-chair-west,False,tn,55.70729426024595,93866
dev-same-color-dining,same-chair-west,False,unscorable_predicted_target,0.0008318789006191877,10
dev-same-color-dining,same-chair-west,False,unscorable_other,0.02931999476808893,315
dev-same-color-dining,same-chair-east,False,tp,0.7540367224797615,1792
dev-same-color-dining,same-chair-east,False,fn_structure_exclusion,0.0059218708574680645,31
dev-same-color-dining,same-chair-east,False,fn_target_box_overlap,0.3474959099763194,846
dev-same-color-dining,same-chair-east,False,fn_outside_target_box_other_object,0.0,0
dev-same-color-dining,same-chair-east,False,fn_outside_target_box_other_overlap,0.0,0
dev-same-color-dining,same-chair-east,False,fn_outside_target_box_environment,0.0,0
dev-same-color-dining,same-chair-east,False,fp_other_object,0.0,0
dev-same-color-dining,same-chair-east,False,fp_environment,0.0026200142777078857,14
dev-same-color-dining,same-chair-east,False,tn,55.69178122989731,93933
dev-same-color-dining,same-chair-east,False,unscorable_predicted_target,0.0006947232920724762,9
dev-same-color-dining,same-chair-east,False,unscorable_other,0.029457150376635648,316
dev-same-color-dining,same-stool,False,tp,0.6706815381103364,1587
dev-same-color-dining,same-stool,False,fn_structure_exclusion,0.004635499966743366,36
dev-same-color-dining,same-stool,False,fn_target_box_overlap,0.0,0
dev-same-color-dining,same-stool,False,fn_outside_target_box_other_object,0.0,0
dev-same-color-dining,same-stool,False,fn_outside_target_box_other_overlap,0.0,0
dev-same-color-dining,same-stool,False,fn_outside_target_box_environment,0.0,0
dev-same-color-dining,same-stool,False,fp_other_object,0.0,0
dev-same-color-dining,same-stool,False,fp_environment,0.0018461371091310567,11
dev-same-color-dining,same-stool,False,tn,56.12469257230247,94918
dev-same-color-dining,same-stool,False,unscorable_predicted_target,0.0008508326683599873,10
dev-same-color-dining,same-stool,False,unscorable_other,0.02930104100034814,315
dev-curved-sofa-wall,curved-sofa,True,tp,3.8777220097854395,9220
dev-curved-sofa-wall,curved-sofa,True,fn_structure_exclusion,9.495497842986976e-05,1
dev-curved-sofa-wall,curved-sofa,True,fn_target_box_overlap,0.0,0
dev-curved-sofa-wall,curved-sofa,True,fn_outside_target_box_other_object,0.0,0
dev-curved-sofa-wall,curved-sofa,True,fn_outside_target_box_other_overlap,0.0,0
dev-curved-sofa-wall,curved-sofa,True,fn_outside_target_box_environment,0.03462037551885315,83
dev-curved-sofa-wall,curved-sofa,True,fp_other_object,0.0,0
dev-curved-sofa-wall,curved-sofa,True,fp_environment,0.005780808458483146,27
dev-curved-sofa-wall,curved-sofa,True,tn,33.29261994231573,57763
dev-curved-sofa-wall,curved-sofa,True,unscorable_predicted_target,0.001765370201733279,25
dev-curved-sofa-wall,curved-sofa,True,unscorable_other,0.016099969479777234,181
dev-curved-sofa-wall,curved-ottoman,False,tp,1.0039706189180548,2293
dev-curved-sofa-wall,curved-ottoman,False,fn_structure_exclusion,0.00024728982674039965,1
dev-curved-sofa-wall,curved-ottoman,False,fn_target_box_overlap,0.0,0
dev-curved-sofa-wall,curved-ottoman,False,fn_outside_target_box_other_object,0.0,0
dev-curved-sofa-wall,curved-ottoman,False,fn_outside_target_box_other_overlap,0.0,0
dev-curved-sofa-wall,curved-ottoman,False,fn_outside_target_box_environment,0.0,0
dev-curved-sofa-wall,curved-ottoman,False,fp_other_object,0.0,0
dev-curved-sofa-wall,curved-ottoman,False,fp_environment,0.012330601073114636,61
dev-curved-sofa-wall,curved-ottoman,False,tn,36.19428958123934,64755
dev-curved-sofa-wall,curved-ottoman,False,unscorable_predicted_target,0.004156539596404424,40
dev-curved-sofa-wall,curved-ottoman,False,unscorable_other,0.013708800085106087,166
dev-curved-sofa-wall,curved-roundtable,False,tp,1.1463272065545456,2336
dev-curved-sofa-wall,curved-roundtable,False,fn_structure_exclusion,0.010478900108565491,77
dev-curved-sofa-wall,curved-roundtable,False,fn_target_box_overlap,0.0,0
dev-curved-sofa-wall,curved-roundtable,False,fn_outside_target_box_other_object,0.0,0
dev-curved-sofa-wall,curved-roundtable,False,fn_outside_target_box_other_overlap,0.0,0
dev-curved-sofa-wall,curved-roundtable,False,fn_outside_target_box_environment,0.00814429011620651,16
dev-curved-sofa-wall,curved-roundtable,False,fp_other_object,0.0,0
dev-curved-sofa-wall,curved-roundtable,False,fp_environment,0.015621024758938631,40
dev-curved-sofa-wall,curved-roundtable,False,tn,36.03026666951894,64652
dev-curved-sofa-wall,curved-roundtable,False,unscorable_predicted_target,0.0018147754129904615,16
dev-curved-sofa-wall,curved-roundtable,False,unscorable_other,0.01605056426852005,190
dev-curved-sofa-wall,curved-lamp,False,tp,0.42429581570135383,1027
dev-curved-sofa-wall,curved-lamp,False,fn_structure_exclusion,0.018681863002894036,91
dev-curved-sofa-wall,curved-lamp,False,fn_target_box_overlap,0.0,0
dev-curved-sofa-wall,curved-lamp,False,fn_outside_target_box_other_object,0.0,0
dev-curved-sofa-wall,curved-lamp,False,fn_outside_target_box_other_overlap,0.0,0
dev-curved-sofa-wall,curved-lamp,False,fn_outside_target_box_environment,0.0,0
dev-curved-sofa-wall,curved-lamp,False,fp_other_object,0.0,0
dev-curved-sofa-wall,curved-lamp,False,fp_environment,0.0011016687401112038,7
dev-curved-sofa-wall,curved-lamp,False,tn,36.76675874361271,65976
dev-curved-sofa-wall,curved-lamp,False,unscorable_predicted_target,0.0018180296359322258,17
dev-curved-sofa-wall,curved-lamp,False,unscorable_other,0.016047310045578286,189
dev-occluded-bookshelf,occluded-shelf,True,tp,3.164114572321787,6526
dev-occluded-bookshelf,occluded-shelf,True,fn_structure_exclusion,0.009829359967903645,58
dev-occluded-bookshelf,occluded-shelf,True,fn_target_box_overlap,0.0,0
dev-occluded-bookshelf,occluded-shelf,True,fn_outside_target_box_other_object,0.0,0
dev-occluded-bookshelf,occluded-shelf,True,fn_outside_target_box_other_overlap,0.0,0
dev-occluded-bookshelf,occluded-shelf,True,fn_outside_target_box_environment,1.196289454924061,2419
dev-occluded-bookshelf,occluded-shelf,True,fp_other_object,0.0,0
dev-occluded-bookshelf,occluded-shelf,True,fp_environment,0.0,0
dev-occluded-bookshelf,occluded-shelf,True,tn,23.76954858951269,43196
dev-occluded-bookshelf,occluded-shelf,True,unscorable_predicted_target,0.0,0
dev-occluded-bookshelf,occluded-shelf,True,unscorable_other,0.053853267230145926,425
dev-occluded-bookshelf,occluding-screen,False,tp,4.028078465697434,9105
dev-occluded-bookshelf,occluding-screen,False,fn_structure_exclusion,0.007133577438505453,49
dev-occluded-bookshelf,occluding-screen,False,fn_target_box_overlap,0.005268341303295655,14
dev-occluded-bookshelf,occluding-screen,False,fn_outside_target_box_other_object,0.0,0
dev-occluded-bookshelf,occluding-screen,False,fn_outside_target_box_other_overlap,0.0,0
dev-occluded-bookshelf,occluding-screen,False,fn_outside_target_box_environment,0.16436508683001827,364
dev-occluded-bookshelf,occluding-screen,False,fp_other_object,0.0003005906367401195,3
dev-occluded-bookshelf,occluding-screen,False,fp_environment,0.031083441268672976,126
dev-occluded-bookshelf,occluding-screen,False,tn,23.903552473552065,42569
dev-occluded-bookshelf,occluding-screen,False,unscorable_predicted_target,0.023724128380476304,151
dev-occluded-bookshelf,occluding-screen,False,unscorable_other,0.03012913884966966,274
dev-occluded-bookshelf,occluded-side-table,False,tp,0.7218916951403319,1419
dev-occluded-bookshelf,occluded-side-table,False,fn_structure_exclusion,0.006167056387261043,36
dev-occluded-bookshelf,occluded-side-table,False,fn_target_box_overlap,0.0,0
dev-occluded-bookshelf,occluded-side-table,False,fn_outside_target_box_other_object,0.0,0
dev-occluded-bookshelf,occluded-side-table,False,fn_outside_target_box_other_overlap,0.0,0
dev-occluded-bookshelf,occluded-side-table,False,fn_outside_target_box_environment,0.007612956855175535,20
dev-occluded-bookshelf,occluded-side-table,False,fp_other_object,0.0,0
dev-occluded-bookshelf,occluded-side-table,False,fp_environment,0.006121967893989536,14
dev-occluded-bookshelf,occluded-side-table,False,tn,27.397988300449942,50639
dev-occluded-bookshelf,occluded-side-table,False,unscorable_predicted_target,0.0014274266777029381,13
dev-occluded-bookshelf,occluded-side-table,False,unscorable_other,0.052425840552442995,412
dev-occluded-bookshelf,occluded-stool,False,tp,0.5406594321568478,1330
dev-occluded-bookshelf,occluded-stool,False,fn_structure_exclusion,0.0038192593603065504,24
dev-occluded-bookshelf,occluded-stool,False,fn_target_box_overlap,0.021853938766251704,56
dev-occluded-bookshelf,occluded-stool,False,fn_outside_target_box_other_object,0.0003005906367401195,3
dev-occluded-bookshelf,occluded-stool,False,fn_outside_target_box_other_overlap,0.0,0
dev-occluded-bookshelf,occluded-stool,False,fn_outside_target_box_environment,0.00907425769657971,19
dev-occluded-bookshelf,occluded-stool,False,fp_other_object,0.0,0
dev-occluded-bookshelf,occluded-stool,False,fp_environment,0.004957445730524606,16
dev-occluded-bookshelf,occluded-stool,False,tn,27.559117052379385,50679
dev-occluded-bookshelf,occluded-stool,False,unscorable_predicted_target,0.0032552332633329494,38
dev-occluded-bookshelf,occluded-stool,False,unscorable_other,0.05059803396681296,387
dev-thin-rack-noise,thin-rack,True,tp,0.6730976026813151,2494
dev-thin-rack-noise,thin-rack,True,fn_structure_exclusion,0.0,0
dev-thin-rack-noise,thin-rack,True,fn_target_box_overlap,0.0,0
dev-thin-rack-noise,thin-rack,True,fn_outside_target_box_other_object,0.0,0
dev-thin-rack-noise,thin-rack,True,fn_outside_target_box_other_overlap,0.0,0
dev-thin-rack-noise,thin-rack,True,fn_outside_target_box_environment,0.0625750500314105,291
dev-thin-rack-noise,thin-rack,True,fp_other_object,0.0,0
dev-thin-rack-noise,thin-rack,True,fp_environment,0.0,0
dev-thin-rack-noise,thin-rack,True,tn,50.78615505328824,101090
dev-thin-rack-noise,thin-rack,True,unscorable_predicted_target,0.0,0
dev-thin-rack-noise,thin-rack,True,unscorable_other,0.020743457523170698,154
dev-thin-rack-noise,thin-table,False,tp,1.1658992530236467,2612
dev-thin-rack-noise,thin-table,False,fn_structure_exclusion,0.01191824953185353,62
dev-thin-rack-noise,thin-table,False,fn_target_box_overlap,0.0,0
dev-thin-rack-noise,thin-table,False,fn_outside_target_box_other_object,0.0,0
dev-thin-rack-noise,thin-table,False,fn_outside_target_box_other_overlap,0.0,0
dev-thin-rack-noise,thin-table,False,fn_outside_target_box_environment,0.025856407960993946,68
dev-thin-rack-noise,thin-table,False,fp_other_object,0.0,0
dev-thin-rack-noise,thin-table,False,fp_environment,0.0,0
dev-thin-rack-noise,thin-table,False,tn,50.31815379548446,101166
dev-thin-rack-noise,thin-table,False,unscorable_predicted_target,0.0009680586434982888,8
dev-thin-rack-noise,thin-table,False,unscorable_other,0.01977539887967241,146
dev-thin-rack-noise,thin-stool,False,tp,0.5121085789051674,1307
dev-thin-rack-noise,thin-stool,False,fn_structure_exclusion,0.00839968647826345,48
dev-thin-rack-noise,thin-stool,False,fn_target_box_overlap,0.0,0
dev-thin-rack-noise,thin-stool,False,fn_outside_target_box_other_object,0.0,0
dev-thin-rack-noise,thin-stool,False,fn_outside_target_box_other_overlap,0.0,0
dev-thin-rack-noise,thin-stool,False,fn_outside_target_box_environment,0.0,0
dev-thin-rack-noise,thin-stool,False,fp_other_object,0.0,0
dev-thin-rack-noise,thin-stool,False,fp_environment,0.0025958708456652285,8
dev-thin-rack-noise,thin-stool,False,tn,50.99872356977193,102542
dev-thin-rack-noise,thin-stool,False,unscorable_predicted_target,0.00039559295964816985,4
dev-thin-rack-noise,thin-stool,False,unscorable_other,0.020347864563522527,150
dev-thin-rack-noise,thin-lamp,False,tp,0.4154278439890998,955
dev-thin-rack-noise,thin-lamp,False,fn_structure_exclusion,0.025759884347960275,118
dev-thin-rack-noise,thin-lamp,False,fn_target_box_overlap,0.0,0
dev-thin-rack-noise,thin-lamp,False,fn_outside_target_box_other_object,0.0,0
dev-thin-rack-noise,thin-lamp,False,fn_outside_target_box_other_overlap,0.0,0
dev-thin-rack-noise,thin-lamp,False,fn_outside_target_box_environment,0.0002914407742799429,3
dev-thin-rack-noise,thin-lamp,False,fp_other_object,0.0,0
dev-thin-rack-noise,thin-lamp,False,fp_environment,0.0006817861352799421,5
dev-thin-rack-noise,thin-lamp,False,tn,51.079666750754406,102850
dev-thin-rack-noise,thin-lamp,False,unscorable_predicted_target,0.002147523075915322,11
dev-thin-rack-noise,thin-lamp,False,unscorable_other,0.018595934447255373,143
dev-combined-study,combined-desk,True,tp,2.3965631773181553,5344
dev-combined-study,combined-desk,True,fn_structure_exclusion,0.002769882120433276,16
dev-combined-study,combined-desk,True,fn_target_box_overlap,0.06660716634651404,163
dev-combined-study,combined-desk,True,fn_outside_target_box_other_object,0.007745908431584411,19
dev-combined-study,combined-desk,True,fn_outside_target_box_other_overlap,0.0,0
dev-combined-study,combined-desk,True,fn_outside_target_box_environment,0.4058414692823925,1030
dev-combined-study,combined-desk,True,fp_other_object,0.0,0
dev-combined-study,combined-desk,True,fp_environment,0.0183795376386207,57
dev-combined-study,combined-desk,True,tn,32.0137101676019,65372
dev-combined-study,combined-desk,True,unscorable_predicted_target,0.004518712132746201,32
dev-combined-study,combined-desk,True,unscorable_other,0.05444280132582757,408
dev-combined-study,combined-chair,False,tp,0.8624989887255783,2113
dev-combined-study,combined-chair,False,fn_structure_exclusion,0.007668025150477679,48
dev-combined-study,combined-chair,False,fn_target_box_overlap,0.3040514283737969,714
dev-combined-study,combined-chair,False,fn_outside_target_box_other_object,0.0,0
dev-combined-study,combined-chair,False,fn_outside_target_box_other_overlap,0.0,0
dev-combined-study,combined-chair,False,fn_outside_target_box_environment,0.0,0
dev-combined-study,combined-chair,False,fp_other_object,0.0,0
dev-combined-study,combined-chair,False,fp_environment,0.0017439104866258804,13
dev-combined-study,combined-chair,False,tn,33.735654956003046,69064
dev-combined-study,combined-chair,False,unscorable_predicted_target,0.0010269613575773432,10
dev-combined-study,combined-chair,False,unscorable_other,0.057934552100996434,430
dev-combined-study,combined-shelf,False,tp,4.37857747121421,10263
dev-combined-study,combined-shelf,False,fn_structure_exclusion,0.019033265801596255,121
dev-combined-study,combined-shelf,False,fn_target_box_overlap,0.0,0
dev-combined-study,combined-shelf,False,fn_outside_target_box_other_object,0.0,0
dev-combined-study,combined-shelf,False,fn_outside_target_box_other_overlap,0.0,0
dev-combined-study,combined-shelf,False,fn_outside_target_box_environment,0.14206956226230932,404
dev-combined-study,combined-shelf,False,fp_other_object,0.0,0
dev-combined-study,combined-shelf,False,fp_environment,0.01815551871777933,89
dev-combined-study,combined-shelf,False,tn,30.35378149074366,61190
dev-combined-study,combined-shelf,False,unscorable_predicted_target,0.004491408800281575,47
dev-combined-study,combined-shelf,False,unscorable_other,0.054470104658292204,393
dev-combined-study,combined-sofa,False,tp,2.2397228443910078,5660
dev-combined-study,combined-sofa,False,fn_structure_exclusion,0.0018095769650724092,15
dev-combined-study,combined-sofa,False,fn_target_box_overlap,0.0,0
dev-combined-study,combined-sofa,False,fn_outside_target_box_other_object,0.0,0
dev-combined-study,combined-sofa,False,fn_outside_target_box_other_overlap,0.0,0
dev-combined-study,combined-sofa,False,fn_outside_target_box_environment,0.0023562564298020196,10
dev-combined-study,combined-sofa,False,fp_other_object,0.007745908431584411,19
dev-combined-study,combined-sofa,False,fp_environment,0.0006538205131049905,3
dev-combined-study,combined-sofa,False,tn,32.65932890200897,66221
dev-combined-study,combined-sofa,False,unscorable_predicted_target,0.00037355036662934776,4
dev-combined-study,combined-sofa,False,unscorable_other,0.058587963091944445,436
dev-combined-study,combined-lamp,False,tp,0.4232288832083026,930
dev-combined-study,combined-lamp,False,fn_structure_exclusion,0.023349516394740734,107
dev-combined-study,combined-lamp,False,fn_target_box_overlap,0.0,0
dev-combined-study,combined-lamp,False,fn_outside_target_box_other_object,0.0,0
dev-combined-study,combined-lamp,False,fn_outside_target_box_other_overlap,0.0,0
dev-combined-study,combined-lamp,False,fn_outside_target_box_environment,0.0,0
dev-combined-study,combined-lamp,False,fp_other_object,0.0,0
dev-combined-study,combined-lamp,False,fp_environment,0.0018710716736289853,7
dev-combined-study,combined-lamp,False,tn,34.463167837462976,70911
dev-combined-study,combined-lamp,False,unscorable_predicted_target,0.0011641635063509709,11
dev-combined-study,combined-lamp,False,unscorable_other,0.05779734995222281,429
