scene_id,method,target_id,target_status,area_iou,precision,recall,false_positive_ratio,false_negative_ratio,partition_seconds
dev-contact-chair,b0,contact-chair,evaluated,0.7800145199012418,1.0,0.7800145199012418,0.0,0.2199854800987581,0.02562709999619983
dev-contact-chair,b1,contact-chair,evaluated,0.8263128094241967,1.0,0.8263128094241967,0.0,0.17368719057580329,0.04842130000179168
dev-contact-chair,b2,contact-chair,evaluated,0.8103744654014017,1.0,0.8103744654014017,0.0,0.18962553459859838,1.3169809999963036
dev-same-color-dining,b0,same-table,evaluated,0.6326212476675754,1.0,0.6326212476675754,0.0,0.36737875233242456,0.029620499990414828
dev-same-color-dining,b1,same-table,evaluated,0.6591308426866119,0.9996516964958309,0.6592822518483293,0.00022971032746730495,0.3407177481516707,0.048722499996074475
dev-same-color-dining,b2,same-table,evaluated,0.6563718157510038,0.9998309645844734,0.6564446606537041,0.00011098115572962334,0.34355533934629595,1.4210842000029515
dev-curved-sofa-wall,b0,curved-sofa,evaluated,0.978251139504781,0.9997467557017827,0.9784936095138246,0.0002478606967596505,0.021506390486175454,0.01979859999846667
dev-curved-sofa-wall,b1,curved-sofa,evaluated,0.9896646543356,0.998511444762876,0.9911269299728199,0.0014775465919833338,0.008873070027180035,0.03828550000616815
dev-curved-sofa-wall,b2,curved-sofa,evaluated,0.9888765027636668,0.9985102601261966,0.9903376138702177,0.001477546591983334,0.00966238612978239,0.9640062000107719
dev-occluded-bookshelf,b0,occluded-shelf,evaluated,0.663291955978458,1.0,0.663291955978458,0.0,0.336708044021542,0.016381599998567253
dev-occluded-bookshelf,b1,occluded-shelf,evaluated,0.7240150106351799,1.0,0.7240150106351799,0.0,0.2759849893648201,0.03063280000060331
dev-occluded-bookshelf,b2,occluded-shelf,evaluated,0.7211010928275071,1.0,0.7211010928275071,0.0,0.27889890717249294,0.8102686000056565
dev-thin-rack-noise,b0,thin-rack,evaluated,0.8813316654420308,1.0,0.8813316654420308,0.0,0.11866833455796925,0.03189439998823218
dev-thin-rack-noise,b1,thin-rack,evaluated,0.9149417206135494,1.0,0.9149417206135494,0.0,0.08505827938645065,0.0524672999890754
dev-thin-rack-noise,b2,thin-rack,evaluated,0.9087141565277157,1.0,0.9087141565277157,0.0,0.09128584347228433,1.5254208999976981
dev-combined-study,b0,combined-desk,evaluated,0.8117146750561508,0.9981172551823347,0.8129594251434178,0.0015334823005152378,0.18704057485658218,0.01978930000041146
dev-combined-study,b1,combined-desk,evaluated,0.8269979197391673,0.9923892448774092,0.8322765075792132,0.0063828308561052465,0.16772349242078677,0.04296990000875667
dev-combined-study,b2,combined-desk,evaluated,0.825757508766315,0.9926176020444902,0.8308601607260808,0.006179358837910039,0.1691398392739192,1.2445241000095848
